{
  "json_version": 3,
  "name": "set_001",
  "blueprint_name": "blueprint_003",
  "hint_order_index": 0,
  "items":
  [
    {
      "amount": 1,
      "last_modification_date_unix": 1642424465,
      "details":
      [
        {
          "name": "text_top",
          "data":
          {
            "value": "Гашук"
          }
        },
        {
          "name": "border",
          "data":
          {
            "color": "#75C9E6FF"
          }
        },
        {
          "name": "text_bottom",
          "data":
          {
            "value": "<align=\"center\">Вроде богатый, но не богатый</align>"
          }
        },
        {
          "name": "logo",
          "data":
          {
            "value": "C:/Users/user/Desktop/psd+al/GkgfHBnB7DQ.jpg",
            "img_fit_mode": "fitwidth",
            "img_zoom": "1.1"
          }
        },
        {
          "name": "color_003",
          "data":
          {
            "panel_visible": "True",
            "icon_fit": "True",
            "value": "<b>12</b>"
          }
        },
        {
          "name": "panel_010",
          "data":
          {
            "value": "Крип наносит двойной урон в течение хода",
            "text_alignment_h": "center",
            "text_wrapping": "True",
            "text_size": "3",
            "text_rtl": "False",
            "text_autosize": "False",
            "background_color": "#15151500",
            "color": "#151515FF"
          }
        },
        {
          "name": "panel_002",
          "data":
          {
            "value": "photo_2022-01-02_16-55-29.jpg",
            "img_fit_mode": "fitwidth",
            "img_offset": "0, -10"
          }
        },
        {
          "name": "panel_009",
          "data":
          {
            "value": "Команда"
          }
        },
        {
          "name": "panel_005",
          "data":
          {
            "panel_visible": "False"
          }
        },
        {
          "name": "panel_004",
          "data":
          {
            "panel_visible": "False"
          }
        },
        {
          "name": "panel_006",
          "data":
          {
            "value": "<b>5</b>"
          }
        }
      ]
    },
    {
      "amount": 1,
      "last_modification_date_unix": 1642522210,
      "details":
      [
        {
          "name": "panel_010",
          "data":
          {
            "value": "Дает стан на 1 ход",
            "text_rtl": "False",
            "text_autosize": "False",
            "text_alignment_h": "center",
            "text_wrapping": "True",
            "text_overflow": "overflow",
            "panel_visible": "True"
          }
        },
        {
          "name": "panel_009",
          "data":
          {
            "value": "Испуганый"
          }
        },
        {
          "name": "panel_002",
          "data":
          {
            "value": "v5lE4XssKJY.jpg",
            "img_fit_mode": "fitwidth",
            "img_offset": "1, 0"
          }
        },
        {
          "name": "panel_006",
          "data":
          {
            "value": "<b>{man}</b>",
            "text_alignment_v": "middle",
            "color": "#161616FF",
            "background_color": "#16161600"
          }
        },
        {
          "name": "panel_005",
          "data":
          {
            "panel_visible": "False"
          }
        },
        {
          "name": "panel_004",
          "data":
          {
            "panel_visible": "False"
          }
        },
        {
          "name": "description_001",
          "data":
          {
            "value": "<b>При появление:</b> дает стан выбраному крипу на 1 ход"
          }
        },
        {
          "name": "Image",
          "data":
          {
            "value": "v5lE4XssKJY.jpg",
            "img_fit_mode": "fitwidth",
            "img_offset": "0, 0"
          }
        },
        {
          "name": "name_001",
          "data":
          {
            "value": "Антон"
          }
        },
        {
          "name": "cost_001",
          "data":
          {
            "value": "{man}"
          }
        },
        {
          "name": "name_005",
          "data":
          {
            "value": "испуганный дитя"
          }
        },
        {
          "name": "attack_005",
          "data":
          {
            "value": "5"
          }
        },
        {
          "name": "attack_006",
          "data":
          {
            "value": "<b>10</b>"
          }
        }
      ]
    }
  ]
}