{
  "json_version": 3,
  "name": "set_001",
  "blueprint_name": "blueprint_001",
  "hint_order_index": 0,
  "items":
  [
    {
      "amount": 1,
      "last_modification_date_unix": 1642357268,
      "details":
      [
        {
          "name": "text_top",
          "data":
          {
            "value": "Гашук"
          }
        },
        {
          "name": "border",
          "data":
          {
            "color": "#75C9E6FF"
          }
        },
        {
          "name": "text_bottom",
          "data":
          {
            "value": "<align=\"center\">Вроде богатый, но не богатый</align>"
          }
        },
        {
          "name": "logo",
          "data":
          {
            "value": "C:/Users/user/Desktop/psd+al/GkgfHBnB7DQ.jpg",
            "img_fit_mode": "fitwidth",
            "img_zoom": "1.1"
          }
        },
        {
          "name": "color_003",
          "data":
          {
            "panel_visible": "True",
            "icon_fit": "True",
            "value": "<b>12</b>"
          }
        },
        {
          "name": "panel_010",
          "data":
          {
            "value": "Призывает 2 \"Малознакомые друзья Гашука\"",
            "text_alignment_h": "center"
          }
        },
        {
          "name": "panel_002",
          "data":
          {
            "value": "GkgfHBnB7DQ.jpg"
          }
        },
        {
          "name": "panel_009",
          "data":
          {
            "value": "Гашук"
          }
        }
      ]
    },
    {
      "amount": 1,
      "last_modification_date_unix": 1642357380,
      "details":
      [
        {
          "name": "panel_010",
          "data":
          {
            "value": "Дает стан на 1 ход",
            "text_rtl": "False",
            "text_autosize": "False",
            "text_alignment_h": "center",
            "text_wrapping": "True",
            "text_overflow": "overflow",
            "panel_visible": "True"
          }
        },
        {
          "name": "panel_009",
          "data":
          {
            "value": "Испуганый"
          }
        },
        {
          "name": "panel_002",
          "data":
          {
            "value": "v5lE4XssKJY.jpg",
            "img_fit_mode": "fitwidth",
            "img_offset": "1, 0"
          }
        }
      ]
    }
  ]
}