{
  "json_version": 3,
  "name": "blueprint_002",
  "type": "card",
  "layout_size_mm": "63.5, 88.9",
  "main_panel_name": "number",
  "hint_order_index": 1,
  "front_layers":
  [
    {
      "name": "default",
      "panels":
      [
        {
          "name": "Description",
          "data":
          {
            "layout_position": "31.75, 17",
            "layout_size": "46, 16",
            "panel_type": "text",
            "value": "<align=\"center\">Text</align>",
            "color": "#161616FF",
            "text_size": "3"
          }
        },
        {
          "name": "Description",
          "data":
          {
            "layout_position": "31.73317, 44.43317",
            "layout_size": "63.90867, 89.2029",
            "panel_type": "procedural",
            "value": "Text",
            "procedural_border": "2.5",
            "color": "#121212FF",
            "panel_editable": "False"
          }
        },
        {
          "name": "Cost",
          "data":
          {
            "layout_position": "7.2, 81.6",
            "layout_size": "10, 10",
            "panel_type": "text",
            "value": "<b>1</b>",
            "color": "#FFFFFFFF",
            "text_font": "Arial Black"
          }
        },
        {
          "name": "Cost",
          "data":
          {
            "layout_position": "7.2, 81.6",
            "layout_size": "10, 10",
            "panel_type": "procedural",
            "value": "Text",
            "color": "#15C3E1FF",
            "panel_editable": "False"
          }
        },
        {
          "name": "Attack",
          "data":
          {
            "layout_position": "7.2, 7.3",
            "layout_size": "10, 10",
            "panel_type": "text",
            "value": "<b>1</b>",
            "color": "#FFFFFFFF",
            "text_font": "Arial Black"
          }
        },
        {
          "name": "Attack",
          "data":
          {
            "layout_position": "7.2, 7.3",
            "layout_size": "10, 10",
            "panel_type": "procedural",
            "value": "Text",
            "color": "#FF0000FF",
            "panel_editable": "False"
          }
        },
        {
          "name": "Type",
          "data":
          {
            "layout_position": "56.3, 81.6",
            "layout_size": "10, 10",
            "panel_type": "text",
            "value": "<b>1</b>",
            "color": "#FDFDFDFF",
            "text_font": "Arial Black"
          }
        },
        {
          "name": "Type",
          "data":
          {
            "layout_position": "56.3, 81.6",
            "layout_size": "10, 10",
            "panel_type": "procedural",
            "value": "Text",
            "color": "#15C3E1FF",
            "panel_editable": "False",
            "background_color": "#FEFEFE00"
          }
        },
        {
          "name": "Defender",
          "data":
          {
            "layout_position": "56.3, 7.3",
            "layout_size": "10, 10",
            "panel_type": "text",
            "value": "<b>1</b>",
            "color": "#000000FF",
            "text_font": "Arial Black"
          }
        },
        {
          "name": "Defender",
          "data":
          {
            "layout_position": "56.3, 7.3",
            "layout_size": "10, 10",
            "panel_type": "procedural",
            "value": "Text",
            "color": "#FFDD00FF",
            "panel_editable": "False"
          }
        },
        {
          "name": "Name",
          "data":
          {
            "layout_position": "31.75, 81.6",
            "layout_size": "33, 10",
            "panel_type": "text",
            "value": "<align=\"center\">Text</align>",
            "color": "#161616FF",
            "text_font": "Impact"
          }
        },
        {
          "name": "Description_blue",
          "data":
          {
            "layout_position": "31.75, 29.2",
            "layout_size": "59, 4",
            "panel_type": "procedural",
            "value": "Text",
            "color": "#12C3E1FF",
            "panel_editable": "False"
          }
        },
        {
          "name": "Description_blue",
          "data":
          {
            "layout_position": "31.75, 3.3",
            "layout_size": "59, 2",
            "panel_type": "procedural",
            "value": "Text",
            "color": "#12C3E1FF",
            "panel_editable": "False"
          }
        },
        {
          "name": "Name",
          "data":
          {
            "layout_position": "31.75, 15.7",
            "layout_size": "59, 23",
            "panel_type": "procedural",
            "value": "Text",
            "color": "#FEFEFEFF",
            "panel_editable": "False"
          }
        },
        {
          "name": "Name",
          "data":
          {
            "layout_position": "31.75, 81.6",
            "layout_size": "51.45, 10",
            "panel_type": "procedural",
            "value": "Text",
            "color": "#FEFEFEFF",
            "panel_editable": "False"
          }
        },
        {
          "name": "Name",
          "data":
          {
            "layout_position": "5, 86.75",
            "layout_size": "17.7716, 10",
            "layout_rotation": "-55",
            "panel_type": "procedural",
            "value": "Text",
            "color": "#FEFEFEFF",
            "panel_editable": "False"
          }
        },
        {
          "name": "Name",
          "data":
          {
            "layout_position": "58.5, 86.75",
            "layout_size": "17.7716, 10",
            "layout_rotation": "55",
            "panel_type": "procedural",
            "value": "Text",
            "color": "#FEFEFEFF",
            "panel_editable": "False"
          }
        },
        {
          "name": "Image",
          "data":
          {
            "layout_position": "31.75, 44.33327",
            "layout_size": "60.5, 85.5",
            "panel_type": "image",
            "value": "C:/Users/user/Desktop/psd+al/Morning.png",
            "img_fit_mode": "fitheight"
          }
        }
      ]
    }
  ]
}