{
  "json_version": 3,
  "name": "set_002",
  "blueprint_name": "blueprint_002",
  "hint_order_index": 1,
  "items":
  [
    {
      "amount": 1,
      "last_modification_date_unix": 1642446388,
      "details":
      [
        {
          "name": "Description",
          "data":
          {
            "value": "Призывает 2 \"Малознакомые друзья Гашука\""
          }
        },
        {
          "name": "Image",
          "data":
          {
            "value": "GkgfHBnB7DQ.jpg",
            "img_offset": "0, 0"
          }
        },
        {
          "name": "Name",
          "data":
          {
            "value": "Гашук",
            "text_alignment_h": "center"
          }
        },
        {
          "name": "Type",
          "data":
          {
            "value": "{man}"
          }
        }
      ]
    }
  ]
}