{
  "json_version": 3,
  "name": "blueprint_003",
  "type": "token",
  "layout_size_mm": "19.05, 19.05",
  "main_panel_name": "number",
  "hint_order_index": 2,
  "front_layers":
  [
    {
      "name": "default",
      "panels":
      [
        {
          "name": "logo",
          "data":
          {
            "layout_position": "9.47, 9.47",
            "layout_size": "15.5, 15.50662",
            "panel_type": "image",
            "value": "TC/Icon",
            "layout_constraint_v": "scale",
            "layout_constraint_h": "scale"
          }
        },
        {
          "name": "color",
          "data":
          {
            "layout_position": "9.525, 9.525",
            "layout_size": "17.26078, 17.26077",
            "panel_type": "procedural",
            "value": "Placeholder",
            "procedural_radius": "4",
            "color": "#FFFFFFFF",
            "panel_editable": "False",
            "layout_constraint_v": "scale",
            "layout_constraint_h": "scale"
          }
        },
        {
          "name": "border",
          "data":
          {
            "layout_position": "9.525, 9.525",
            "layout_size": "19.05, 19.05",
            "panel_type": "procedural",
            "value": "Placeholder",
            "procedural_radius": "5",
            "color": "#76CBE7FF",
            "layout_constraint_v": "scale",
            "layout_constraint_h": "scale"
          }
        }
      ]
    }
  ]
}