{
  "json_version": 3,
  "name": "blueprint_003",
  "type": "card",
  "layout_size_mm": "63.5, 88.9",
  "main_panel_name": "number",
  "hint_order_index": 2,
  "front_layers":
  [
    {
      "name": "default",
      "panels":
      [
        {
          "name": "description_001",
          "data":
          {
            "layout_position": "31.75, 11",
            "layout_size": "55, 16",
            "panel_type": "text",
            "value": "Description",
            "color": "#161616FF",
            "text_size": "3"
          }
        },
        {
          "name": "cost_001",
          "data":
          {
            "layout_position": "5, 84",
            "layout_size": "10, 10",
            "panel_type": "text",
            "value": "<b>1</b>",
            "color": "#FFFFFFFF",
            "text_font": "Arial Black"
          }
        },
        {
          "name": "cost_002",
          "data":
          {
            "layout_position": "5, 84",
            "layout_size": "15.1, 15.1",
            "panel_type": "procedural",
            "value": "Text",
            "color": "#151515FF",
            "panel_editable": "False",
            "procedural_border": "0.5",
            "procedural_radius": "10"
          }
        },
        {
          "name": "Cost",
          "data":
          {
            "layout_position": "5, 84",
            "layout_size": "15, 15",
            "panel_type": "procedural",
            "value": "Text",
            "color": "#15C3E1FF",
            "panel_editable": "False",
            "procedural_radius": "10"
          }
        },
        {
          "name": "attack_004",
          "data":
          {
            "layout_position": "4.278322, 50",
            "layout_size": "11.3, 7.1",
            "panel_type": "procedural",
            "value": "Text",
            "color": "#151515FF",
            "panel_editable": "False",
            "procedural_border": "0.5"
          }
        },
        {
          "name": "attack_006",
          "data":
          {
            "layout_position": "4.9, 50",
            "layout_size": "8, 7",
            "panel_type": "text",
            "value": "<b>1</b>",
            "color": "#161616FF",
            "text_font": "Microsoft JhengHei UI Bold",
            "text_alignment_h": "right",
            "text_autosize": "True"
          }
        },
        {
          "name": "attack_002",
          "data":
          {
            "layout_position": "4.278322, 58",
            "layout_size": "11.3, 7.1",
            "panel_type": "procedural",
            "value": "Text",
            "color": "#151515FF",
            "panel_editable": "False",
            "procedural_border": "0.5"
          }
        },
        {
          "name": "attack_003",
          "data":
          {
            "layout_position": "4.9, 50",
            "layout_size": "10, 7",
            "panel_type": "procedural",
            "value": "Text",
            "color": "#FFDE00FF",
            "panel_editable": "False"
          }
        },
        {
          "name": "attack_005",
          "data":
          {
            "layout_position": "4.9, 58",
            "layout_size": "8, 7",
            "panel_type": "text",
            "value": "<b>1</b>",
            "color": "#161616FF",
            "text_font": "Microsoft JhengHei UI Bold",
            "text_alignment_h": "right",
            "text_autosize": "True"
          }
        },
        {
          "name": "Attack",
          "data":
          {
            "layout_position": "4.9, 58",
            "layout_size": "10, 7",
            "panel_type": "procedural",
            "value": "Text",
            "color": "#FF0000FF",
            "panel_editable": "False"
          }
        },
        {
          "name": "Description",
          "data":
          {
            "layout_position": "31.73317, 44.43317",
            "layout_size": "63.90867, 89.2029",
            "panel_type": "procedural",
            "value": "Text",
            "procedural_border": "2.5",
            "color": "#121212FF",
            "panel_editable": "False"
          }
        },
        {
          "name": "name_005",
          "data":
          {
            "layout_position": "31, 80",
            "layout_size": "36.21201, 5",
            "panel_type": "text",
            "value": "alternative_name",
            "color": "#161616FF",
            "text_font": "Tahoma",
            "text_alignment_h": "left",
            "text_size": "2.5"
          }
        },
        {
          "name": "name_001",
          "data":
          {
            "layout_position": "31, 83",
            "layout_size": "36.21201, 5",
            "panel_type": "text",
            "value": "Name",
            "color": "#161616FF",
            "text_font": "Tahoma Bold",
            "text_alignment_h": "left",
            "text_size": "4"
          }
        },
        {
          "name": "description_blue_001",
          "data":
          {
            "layout_position": "31.75, 21",
            "layout_size": "59, 2",
            "panel_type": "procedural",
            "value": "Text",
            "color": "#12C3E1FF",
            "panel_editable": "False"
          }
        },
        {
          "name": "name_002",
          "data":
          {
            "layout_position": "31.75, 11.03741",
            "layout_size": "59, 18",
            "panel_type": "procedural",
            "value": "Text",
            "color": "#FEFEFEFF",
            "panel_editable": "False"
          }
        },
        {
          "name": "name_003",
          "data":
          {
            "layout_position": "31.75, 81.6",
            "layout_size": "51.45, 10",
            "panel_type": "procedural",
            "value": "Text",
            "color": "#FEFEFEFF",
            "panel_editable": "False"
          }
        },
        {
          "name": "name_004",
          "data":
          {
            "layout_position": "5, 86.75",
            "layout_size": "17.7716, 10",
            "layout_rotation": "-55",
            "panel_type": "procedural",
            "value": "Text",
            "color": "#FEFEFEFF",
            "panel_editable": "False"
          }
        },
        {
          "name": "Name",
          "data":
          {
            "layout_position": "58.5, 86.75",
            "layout_size": "17.7716, 10",
            "layout_rotation": "55",
            "panel_type": "procedural",
            "value": "Text",
            "color": "#FEFEFEFF",
            "panel_editable": "False"
          }
        },
        {
          "name": "Image",
          "data":
          {
            "layout_position": "31.75, 53.45122",
            "layout_size": "60.5, 67.2641",
            "panel_type": "image",
            "value": "C:/Users/user/Desktop/psd+al/Morning.png"
          }
        }
      ]
    }
  ]
}