{
  "json_version": 3,
  "name": "set_002",
  "blueprint_name": "blueprint_002",
  "hint_order_index": 1,
  "items":
  [
    {
      "amount": 1,
      "last_modification_date_unix": 1642243071,
      "details":
      [
        {
          "name": "panel_010",
          "data":
          {
            "value": "<align=\"justified\"><align=\"center\">Призывает двух \"Малознакомых друзей гашука\"</align></align>"
          }
        },
        {
          "name": "panel_002",
          "data":
          {
            "value": "C:/Users/gashu/Downloads/GkgfHBnB7DQ.jpg"
          }
        },
        {
          "name": "panel_009",
          "data":
          {
            "value": "<align=\"center\">Босс гильдии</align>"
          }
        }
      ]
    }
  ]
}